amplitude,peak_time,width,decay_rate,rise_time,decay_time,total_duration,peak_flux,integrated_flux,asymmetry,sharpness,log_a,log_c,log_d,r_squared,rmse,mae,residual_mean,residual_std,residual_skewness,residual_kurtosis,mean_relative_error,max_relative_error,duration,sampling_rate,peak_position_fraction,time_to_peak,max_flux,min_flux,mean_flux,std_flux,flux_range,flux_skewness,flux_kurtosis,rise_slope,decay_slope,energy_density,flux_efficiency,rise_fraction,decay_fraction,shape_complexity,power_indicator,flare_id,file,fit_success,alpha,is_nanoflare,flare_class
2.339105365259072e-08,3718.1525640760215,78.35912547323505,0.00017502920364482512,3718.1525640760215,5713.332284989608,20858.149419044847,2.339105365259072e-08,3.248735108841976e-06,1.5366051248651218,2.9851090745749005e-10,-7.630950214907409,1.8940895804075932,-3.7568894831784965,0.46452720233175915,1.253568693650264e-06,8.651716354100248e-07,-2.3011045663315636e-07,1.2322676849808687e-06,-0.9063680864978045,0.4922044113443964,0.25473781002977564,1.6827623251603065,960,0.017708333333333333,0.29411764705882354,300,7.5994297692307906e-06,1.7115103006993006e-06,5.0232088629507816e-06,1.6839777657139287e-06,5.88791946853149e-06,-0.4862358395663431,-0.6632751924611466,1.9626398228438302e-08,0.0016192328935511022,3.3840990717103917e-09,0.007200049517403883,0.3125,0.6875,0.013715135329885261,-4.028822234091636,0,2017_xrsa_xrsb.csv,True,2.2163814109850186,0,A
5.577704911243137e-09,2974.6704860223967,111.51221239378378,0.0008102189139921499,2974.6704860223967,1234.2343318952549,6677.373481708161,5.577704911243137e-09,1.1024347716971761e-06,0.4149146393507338,5.001878082686184e-11,-8.25354446583346,2.0473224322702412,-3.091397622734086,0.5555862020076834,2.4482841182958903e-06,2.154359762244249e-06,2.46381649761772e-08,2.4481601427861073e-06,-0.10558518140205361,-1.3548626953395098,0.5275662614458759,3.2724241842536768,780,0.017948717948717947,0.35714285714285715,300,1.3053276088578125e-05,1.0576019580419526e-06,8.211975491175499e-06,3.6723668295028886e-06,1.1995674130536173e-05,-0.42812981362781816,-0.9670691202061623,3.998558043512058e-08,0.00299330341508638,1.4133779124322772e-09,0.005059442113438034,0.38461538461538464,0.6153846153846154,0.09034930362255346,-4.031384766629673,1,2017_xrsa_xrsb.csv,True,2.090090172198063,1,Nano
3.8295968810029364e-08,2494.018534649587,71.45282660832163,4.3440163600685575e-05,2494.018534649587,23020.171129931427,71554.53192444386,3.8295968810029364e-08,4.8500633456822764e-06,9.23015238664447,5.359615655228577e-10,-7.41684693923505,1.8540194137584136,-4.362108547812829,0.5836253797340807,1.3906697588395635e-06,1.2316071403523888e-06,-8.418331981595081e-08,1.3881194281529433e-06,-0.15273639646719359,-1.3746542283521892,1470.5577637838164,13232.884750430654,480,0.01875,0.4444444444444444,240,7.064682800000001e-06,0.0,4.597132955555556e-06,2.151219410328354e-06,7.064682800000001e-06,-0.743489576962307,-0.2173537039074822,2.9436178333333336e-08,0.0036962823306328626,1.0104298636838077e-08,0.00789597291427585,0.5,0.5,0.003103922477596911,-4.000414927802637,2,2017_xrsa_xrsb.csv,True,1.8261443888460704,0,A
1.954922590174845e-07,1109.7583100122624,33.798541688502155,0.0002269210287953174,1109.7583100122624,4406.819435416888,14330.216616262927,1.954922590174845e-07,1.1711228740937267e-05,3.9709722339165854,5.784044199871161e-09,-6.7088704348540515,1.5288979621031116,-3.644125256135378,0.6607689220270576,3.5884951247645554e-06,2.9326997989157165e-06,-1.126116179412217e-06,3.4072216850279952e-06,-0.37028938663857613,-0.8298306704968619,1823.5065711439336,12762.552367866161,360,0.019444444444444445,0.42857142857142855,180,1.7590254e-05,0.0,1.1099921714285713e-05,5.849955667545834e-06,1.7590254e-05,-0.6228061886058129,-0.6533241637623863,9.772363333333334e-08,0.005444000609724412,3.253119094704796e-08,0.016692719725824343,0.5,0.5,0.007669599851736333,-4.38804328421336,3,2017_xrsa_xrsb.csv,True,1.7096312428013238,0,B
1.152572379759778e-07,1758.8462211961976,36.51786570442141,0.00012295499075512008,1758.8462211961976,8133.057420919355,26158.01848395426,1.152572379759778e-07,7.4601666897188065e-06,4.624086701217139,3.1561876838279462e-09,-6.938331792061312,1.5625053871569266,-3.9102538385119257,0.4057933569207133,3.5155363714093447e-06,2.629861997905756e-06,-2.452378647805157e-07,3.506972250871095e-06,-0.8502434815040988,-0.2570139463570058,360.5541934630129,2877.3471287960715,420,0.01904761904761905,0.375,180,1.3072922e-05,0.0,7.284874375e-06,4.549499044091886e-06,1.3072922e-05,-0.3329002514573391,-1.2742188234825944,7.262734444444444e-08,0.009020143818751145,1.7762301642187635e-08,0.015449686685261204,0.42857142857142855,0.5714285714285714,0.004490053840083851,-4.440517036991487,4,2017_xrsa_xrsb.csv,True,1.852585790891828,0,B
8.942303460793234e-08,261.11413398044533,33.96810552786201,0.0025113290204392008,261.11413398044533,398.19553386322605,1455.7007355701235,8.942303460793234e-08,5.383883653227333e-06,1.5249865175549886,2.632558784727749e-09,-7.048550596253745,1.5310713260358004,-2.600096384698338,0.6772670752072917,2.422514726481015e-06,2.174460640837064e-06,-1.1340110167655621e-06,2.1407000289325276e-06,0.14203985685976686,-1.5274120726960607,6474.245208999465,38842.469690946105,300,0.02,0.16666666666666666,60,1.0229681999999999e-05,0.0,5.127534333333333e-06,3.768202019815404e-06,1.0229681999999999e-05,0.09240879672541244,-1.4687312117555804,1.704947e-07,0.0076801402897951655,1.794627884409111e-08,0.016609392098272464,0.2,0.8,0.0853050891814611,-4.603672262939977,5,2017_xrsa_xrsb.csv,True,2.195286642816289,0,A
1.2205781666691006e-07,323.9367689809246,44.77749862184487,0.00028311738861127277,323.9367689809246,3532.103785306613,10920.248124900763,1.2205781666691006e-07,9.687246764146137e-06,10.903682828035508,2.7258739416802458e-09,-6.91343440283751,1.6510598291922747,-3.5480334561523468,0.7294950859164409,2.611413725533387e-06,2.2805472634633334e-06,-8.954726711834195e-07,2.4530818048054973e-06,-0.25886592270911485,-1.522182563091674,10871.94714355889,43487.30403765907,180,0.022222222222222223,0.5,120,1.2154738400000001e-05,0.0,7.76474155e-06,4.7165500969964226e-06,1.2154738400000001e-05,-0.8460272232315965,-0.9321942725342689,1.0128948666666668e-07,0.0067904131769524,5.381803757858965e-08,0.012599845925125312,0.6666666666666666,0.33333333333333337,0.012677288478361585,-4.187270673419311,6,2017_xrsa_xrsb.csv,True,1.7819409255156473,0,B
1.9646255654406182e-07,2488.2509259488634,40.58720771224057,0.0012264943702510593,2488.2509259488634,815.3319120374791,4934.246662061301,1.9646255654406182e-07,1.4133310544285669e-05,0.32767270516600433,4.840504376082302e-09,-6.706720208829639,1.6083891740844891,-2.911334440914188,0.5579860343195173,6.432816653863721e-05,5.127466482100022e-05,-2.775240295933152e-06,6.426827406677786e-05,-0.8917969535461733,0.030216276352300397,-0.3563456964325393,1.1902317825828934,660,0.01818181818181818,0.4166666666666667,300,0.0002836082462937071,-1.9234711258741844e-05,0.00016633754933760675,9.666708917017289e-05,0.0003028429575524489,-0.5536645421801,-0.9708752242987946,1.0094765251748296e-06,,2.1414106885281315e-08,0.01390067499956653,0.45454545454545453,0.5454545454545454,0.04977998176327343,-4.169836701771615,7,2017_xrsa_xrsb.csv,True,1.773650569569921,0,B
4.631139741361173e-08,73.27797827683617,49.74104969131895,0.004402906072809602,73.27797827683617,227.12271928205718,754.6461361230076,4.631139741361173e-08,4.082984846227478e-06,3.0994675975367723,9.310498612516056e-10,-7.334312114280039,1.6967149459990014,-2.3562605792453564,0.4951384786630074,1.63028107029562e-06,1.389962730438569e-06,-5.091956780844849e-07,1.5487208042718073e-06,0.283732149633612,-0.8832498259191475,5357.511055004407,26785.264532566136,240,0.020833333333333332,0.2,60,6.0921668000000006e-06,0.0,2.4150802400000003e-06,2.1796511779204215e-06,6.0921668000000006e-06,0.6313773777927515,-1.0073218612774473,1.0153611333333334e-07,0.011167945135885442,1.701243685928116e-08,0.011342534728337697,0.25,0.75,0.21900516975383238,-4.322654274705939,8,2017_xrsa_xrsb.csv,True,2.1763815238609894,0,A
3.441762428880836e-07,166.91609616569485,46.17686854018757,0.00035451184164635337,166.91609616569485,2820.780246312786,8629.256835104052,3.441762428880836e-07,2.81695755929415e-05,16.8993902392292,7.453434019427892e-09,-6.463219110588046,1.664424478130122,-3.4503692536381054,0.3537613128318218,1.2029221525346431e-05,1.0991879750003068e-05,-1.8797669289784246e-06,1.1881441276148989e-05,0.03473157403674638,-1.53958675296507,15138.510425742075,136240.81140691284,480,0.01875,0.3333333333333333,180,4.235149200000001e-05,0.0,2.3667884555555555e-05,1.4779939253258701e-05,4.235149200000001e-05,-0.17208012978740003,-1.3894845394686086,2.352860666666667e-07,0.00615560916196156,5.868661581862812e-08,0.0122180130741595,0.375,0.625,0.016370246707643452,-3.883155526437026,9,2017_xrsa_xrsb.csv,True,1.988225332969101,0,B
3.3958350461859026e-08,3428.875971679157,51.524933264576475,0.00030542011036236577,3428.875971679157,3274.178634843494,13251.411876209639,3.3958350461859026e-08,3.10126558934295e-06,0.954883950859294,6.590663647730618e-10,-7.469053413914285,1.7120174379506206,-3.515102370253208,0.5232172820446777,2.420950770192324e-06,2.1223071324333167e-06,7.761223207570063e-09,2.4209383294725067e-06,-0.32604342105015516,-1.2971518414452006,272.4863685980847,2993.3762037796414,600,0.018333333333333333,0.2727272727272727,180,1.1644231499999999e-05,0.0,6.803058545454545e-06,3.506093341000068e-06,1.1644231499999999e-05,-0.2836313835355099,-0.9554028498156169,6.469017499999999e-08,0.0031364790873550084,5.16877598223825e-09,0.010949836279276428,0.3,0.7,0.01573675080408048,-4.362720407132742,10,2017_xrsa_xrsb.csv,True,2.0985398138566995,0,A
2.0309956120543536e-07,2200.4082879293337,44.13811361865555,0.0002744838723599506,2200.4082879293337,3643.2012977747104,13130.012181253463,2.0309956120543536e-07,1.5889041148215013e-05,1.6556933173538892,4.601455398845878e-09,-6.692291014883051,1.6448137682793083,-3.5614831679747057,0.7936427257546715,4.549736625529427e-06,3.7792350455864447e-06,-2.1097073464054149e-07,4.544842649730475e-06,-0.43057363574685015,-0.8075681056649002,1778.9977034555693,16009.592073705378,480,0.01875,0.3333333333333333,180,3.33967465e-05,0.0,2.2754358555555556e-05,1.0004812649998475e-05,3.33967465e-05,-1.0279487507204392,0.30256566882757063,1.8553748055555557e-07,0.0023685361446522885,3.310216905878128e-08,0.01278236737578414,0.375,0.625,0.012115200344712048,-4.068722638359277,11,2017_xrsa_xrsb.csv,True,1.6890152680148756,0,B
2.172781082876755e-08,6363.141133956866,45.635571043230584,0.00012434065634130652,6363.141133956866,8042.421758294962,30490.40640884175,2.172781082876755e-08,1.757496209793396e-06,1.2639074930110579,4.761156775749511e-10,-7.662984028529012,1.6593034892777392,-3.905386844506424,0.5358792777765442,1.1982094902624372e-06,1.0244450791738853e-06,1.312907621830421e-07,1.1909948439520489e-06,-0.13462618358826461,-0.9428571273296953,0.34415791737923535,1.68547799585405,1020,0.01764705882352941,0.4444444444444444,480,5.644567031002348e-06,-5.870158951048959e-07,3.168859016083922e-06,1.7482132264404944e-06,6.2315829261072436e-06,-0.3447920450159997,-0.7524888495833055,1.298246442939009e-08,0.0027270969474156186,1.7230354997974471e-09,0.012362934672457575,0.47058823529411764,0.5294117647058824,0.005674356856025613,-4.618193162400058,12,2017_xrsa_xrsb.csv,True,2.125539973027414,0,A
2.5627926979802072e-08,2586.9052903224233,43.37183088186157,0.00037690702521586943,2586.9052903224233,2653.174212996589,10546.42792931219,2.5627926979802072e-08,1.9701358324113518e-06,1.0256170656583667,5.908887510331013e-10,-7.591286522089034,1.6372077556766926,-3.4237657676073012,0.6313111259988786,1.219710594909827e-06,9.510281598245597e-07,-7.330167944226399e-08,1.2175059749858429e-06,-0.40724706311624315,-0.7183670056540961,135.48896327274255,1351.9855690702607,540,0.018518518518518517,0.4,240,6.3876893999999995e-06,0.0,3.880699770000001e-06,2.0051233073509974e-06,6.3876893999999995e-06,-0.4198520267225081,-0.9212606420078635,2.66153725e-08,0.004138222999876795,3.6483996896506514e-09,0.013008203068127906,0.4444444444444444,0.5555555555555556,0.016347147755848224,-4.636727682096397,13,2017_xrsa_xrsb.csv,True,1.7077598986803648,0,A
1.6785805903760077e-08,1589.1484280253264,85.20513841425054,0.0007116850714728954,1589.1484280253264,1405.1158863433952,5804.496087055511,1.6785805903760077e-08,2.5350289284515967e-06,0.8841942398605209,1.9700461986401344e-10,-7.775057802991847,1.9304657862885777,-3.1477121439734717,0.4986835514227458,1.7298991372872948e-06,1.4862756382424138e-06,-1.1205177573383812e-08,1.7298628469282978e-06,-0.45804853952331465,-0.5975497539485928,0.47256488390721324,2.9220970304565603,660,0.01818181818181818,0.4166666666666667,300,8.795036271561797e-06,1.253198993006984e-06,5.68112507022145e-06,2.4431812909161185e-06,7.541837278554813e-06,-0.47390108584823837,-1.0603174917536402,2.513945759518271e-08,0.004771649254628122,3.8409529218963585e-09,0.006621544123369392,0.45454545454545453,0.5454545454545454,0.06063922502220384,-4.02755534867044,14,2017_xrsa_xrsb.csv,True,2.198221364686976,0,A
1.7381602230299644e-07,4634.441743399834,35.70101294169216,0.0007608724942689061,4634.441743399834,1314.2806548170238,8577.283707850906,1.7381602230299644e-07,1.099879941542286e-05,0.28358985344648335,4.868658001017432e-09,-6.759910192921544,1.5526805384860447,-3.1186881154698916,0.7360864103792208,4.5335034016603735e-05,3.782644014592481e-05,2.77269972417108e-06,4.525016514363455e-05,-0.5363958075426916,-0.29339782835474226,0.30260958616958383,1.12113254878146,1440,0.017361111111111112,0.28,420,0.0003102057296503506,6.221586153846151e-06,0.00019250518134825218,8.80824308685751e-05,0.00030398414349650443,-0.3142757445629085,-1.042058060668647,7.237717702297724e-07,0.001557689111210236,7.638055149599208e-09,0.01580318139625914,0.2916666666666667,0.7083333333333333,0.02716391876487181,-4.353703176773798,15,2017_xrsa_xrsb.csv,True,2.093585760419525,0,B
